,number,title,authors,info,url
0,801,АЛГОРИТМ УПРАВЛЕНИЯ ДОПУСКОМ IP-СОЕДИНЕНИЙ В ВЕДОМСТВЕННУЮ МУЛЬТИСЕРВИСНУЮ СЕТЬ,"Гагарин С.В., Павлович А.А.","В сборнике: СОВЕРШЕНСТВОВАНИЕ ПОДГОТОВКИ СПЕЦИАЛИСТОВ ИНЖЕНЕРНЫХ СПЕЦИАЛЬНОСТЕЙ В КОНТЕКСТЕ ИННОВАЦИОННОГО РАЗВИТИЯ РОССИИ. ПРОБЛЕМЫ И РЕШЕНИЯ. материалы Международной заочной научно-практической и научно-методической конференции. Санкт-Петербург, Петергоф, 2023.  С. 31-34.",https://www.elibrary.ru/item.asp?id=54151962
1,802,ИНТЕГРАЦИЯ ДИЭЛЕКТРИЧЕСКИХ РЕЗОНАТОРОВ В ОБЪЕМНЫЕ ИНТЕГРАЛЬНЫЕ СХЕМЫ СВЧ,"Жикин С.А., Седышев Э.Ю.","В сборнике: Подготовка профессиональных кадров в магистратуре для цифровой экономики (ПКМ-2023). Всероссийская научно-техническая и научно-методическая конференция магистрантов и их руководителей; Сборник лучших докладов: в 2 томах. Санкт-Петербург, 2023.  С. 31-37.",https://www.elibrary.ru/item.asp?id=56659773
2,803,ИССЛЕДОВАНИЕ МОДЕЛЕЙ МАШИННОГО ОБУЧЕНИЯ ДЛЯ ОБНАРУЖЕНИЯ МОШЕННИЧЕСКИХ ТРАНЗАКЦИЙ В СЕТИ ETHEREUM,"Бакатов В.Н., Исхаков Э.Э., Помогалова А.В.","В сборнике: Подготовка профессиональных кадров в магистратуре для цифровой экономики (ПКМ-2023). Всероссийская научно-техническая и научно-методическая конференция магистрантов и их руководителей; Сборник лучших докладов: в 2 томах. Санкт-Петербург, 2023.  С. 315-318.",https://www.elibrary.ru/item.asp?id=56659844
3,804,ФОРМИРОВАНИЕ БРЕНДА ТЕРРИТОРИИ НА ПРИМЕРЕ МОНОГОРОДА НИЖНЕКАМСК,Шарафутдинова Э.И.,"В сборнике: Молодежная неделя науки института промышленного менеджмента, экономики и торговли. Сборник трудов всероссийской студенческой научно-учебной конференции. В 6-ти частях. Санкт-Петербург, 2023.  С. 315-318.",https://www.elibrary.ru/item.asp?id=65509166
4,805,ВОСПИТАНИЕ ОСНОВ ПАТРИОТИЗМА ЧЕРЕЗ ПРИОБЩЕНИЕ К СПОРТУ,Сапсаева Т.В.,В сборнике: АКТУАЛЬНЫЕ ПРОБЛЕМЫ ФИЗИЧЕСКОЙ КУЛЬТУРЫ СТУДЕНТОВ МЕДИЦИНСКИХ ВУЗОВ. Материалы VIII Всероссийской научно-практической конференции с международным участием. Министерство здравоохранения Российской Федерации. Федеральное государственное бюджетное образовательное учреждение высшего образования «Северо-Западный государственный медицинский университет имени И. И. Мечникова» Министерства здравоохранения Российской Федерации (ФГБОУ ВО СЗГМУ им. И. И. Мечникова Минздрава России). 2023.  С. 315-318.,https://www.elibrary.ru/item.asp?id=50319352
5,806,ФЕНОМЕН «БЕЛОГО ПАЛЬТО» КАК МАРКЕР СКРЫТОЙ АГРЕССИИ В ЧИТАТЕЛЬСКИХ КОММЕНТАРИЯХ В ОНЛАЙН-КОММУНИКАЦИИ,Абыякая О.В.,"В сборнике: Вестник факультета социальных цифровых технологий. XХV Международный Балтийский коммуникационный форум. Санкт-Петербург, 2023.  С. 315-320.",https://www.elibrary.ru/item.asp?id=64227417
6,807,АНАЛИЗ АДАПТАЦИИ МЕТОДОВ КОДИРОВАНИЯ ВИДЕОИНФОРМАЦИИ В ЗАВИСИМОСТИ ОТ ПРОИЗВОДИТЕЛЬНОСТИ КАНАЛА СВЯЗИ,"Козинцева Д.И., Федоров С.Л.","В сборнике: Актуальные проблемы инфотелекоммуникаций в науке и образовании (АПИНО 2023). Сборник научных статей XII Международной научно-технической и научно-методической конференции: в 4 т.. Санкт-Петербург, 2023.  С. 316-321.",https://www.elibrary.ru/item.asp?id=54609512
7,808,АНАЛИЗ СОВРЕМЕННОГО ПОДХОДА К ОБЕСПЕЧЕНИЮ ОБЩЕЙ БЕЗОПАСНОСТИ ПРИ ЭКСПЛУАТАЦИИ УМНЫХ ЗДАНИЙ,Михайлов Д.М.,"В сборнике: Подготовка профессиональных кадров в магистратуре для цифровой экономики (ПКМ-2022). Сборник лучших докладов Всероссийской научно-технической и научно-методической конференции магистрантов и их руководителей. Сост. Н.Н. Иванов. Санкт-Петербург, 2023.  С. 317-320.",https://www.elibrary.ru/item.asp?id=50223110
8,809,ЭФФЕКТИВНОСТЬ ПРИМЕНЕНИЯ АКТИВНЫХ МЕТОДОВ ОБУЧЕНИЯ В УСЛОВИЯХ ВЫСШЕЙ ШКОЛЫ,Сапсаева Т.В.,В сборнике: АКТУАЛЬНЫЕ ПРОБЛЕМЫ ФИЗИЧЕСКОЙ КУЛЬТУРЫ СТУДЕНТОВ МЕДИЦИНСКИХ ВУЗОВ. Материалы VIII Всероссийской научно-практической конференции с международным участием. Министерство здравоохранения Российской Федерации. Федеральное государственное бюджетное образовательное учреждение высшего образования «Северо-Западный государственный медицинский университет имени И. И. Мечникова» Министерства здравоохранения Российской Федерации (ФГБОУ ВО СЗГМУ им. И. И. Мечникова Минздрава России). 2023.  С. 318-324.,https://www.elibrary.ru/item.asp?id=50319339
9,810,ИССЛЕДОВАНИЕ ДИСПЕРСИОННЫХ СИЛ В НАНОРАЗМЕРНЫХ СТРУКТУРАХ МЕДИЦИНСКОЙ ЭЛЕКТРОНИКИ,Баранова Д.С.,"В сборнике: МЕЧНИКОВСКИЕ ЧТЕНИЯ-2023. Сборник материалов конференции. 96-я Всероссийская научно-практическая конференция студенческого научного общества с международным участием. Санкт-Петербург, 2023.  С. 319-320.",https://www.elibrary.ru/item.asp?id=54189963
10,811,ИССЛЕДОВАНИЕ ПРИМЕНИМОСТИ КОДОВ БЧХ ПРИ ОБУЧЕНИИ НЕЙРОСЕТЕВЫХ МОДЕЛЕЙ АРХИТЕКТУРЫ AUTOENCODER,"Березкин А.А., Данилин С.В., Матвеев Д.В., Туманов И.А.","В сборнике: Подготовка профессиональных кадров в магистратуре для цифровой экономики (ПКМ-2023). Всероссийская научно-техническая и научно-методическая конференция магистрантов и их руководителей; Сборник лучших докладов: в 2 томах. Санкт-Петербург, 2023.  С. 319-327.",https://www.elibrary.ru/item.asp?id=56659903
11,812,КОМПЬЮТЕРНОЕ МОДЕЛИРОВАНИЕ ПРОЦЕССОВ И АНАЛИЗ КАЧЕСТВЕННЫХ ПОКАЗАТЕЛЕЙ КЛЮЧЕВЫХ УСИЛИТЕЛЕЙ МОЩНОСТИ ДЛЯ БИОТЕХНИЧЕСКИХ СИСТЕМ,"Пестерева А.В., Шулимова А.Д., Андреев Б.Н.","В сборнике: МЕЧНИКОВСКИЕ ЧТЕНИЯ-2023. Сборник материалов конференции. 96-я Всероссийская научно-практическая конференция студенческого научного общества с международным участием. Санкт-Петербург, 2023.  С. 321-322.",https://www.elibrary.ru/item.asp?id=54189965
12,813,ЭФФЕКТИВНОЕ ХРАНЕНИЕ РАСТРОВЫХ ИЗОБРАЖЕНИЙ С ПОМОЩЬЮ НЕЙРОННЫХ СЕТЕЙ,"Никифоров Е.В., Березкин А.А.","В сборнике: Подготовка профессиональных кадров в магистратуре для цифровой экономики (ПКМ-2022). Сборник лучших докладов Всероссийской научно-технической и научно-методической конференции магистрантов и их руководителей. Сост. Н.Н. Иванов. Санкт-Петербург, 2023.  С. 321-325.",https://www.elibrary.ru/item.asp?id=50223111
13,814,АНАЛИЗ ХАРАКТЕРИСТИК СШП-СИСТЕМ ДЛЯ ПРИМЕНЕНИЯ В ОБЛАСТИ УПРАВЛЕНИЯ РОБОТЕХНИЧЕСКИМИ КОМПЛЕКСАМИ,"Кокин С.А., Симонина О.А.","В сборнике: Актуальные проблемы инфотелекоммуникаций в науке и образовании (АПИНО 2023). Сборник научных статей XII Международной научно-технической и научно-методической конференции: в 4 т.. Санкт-Петербург, 2023.  С. 321-325.",https://www.elibrary.ru/item.asp?id=54609513
14,815,ИДЕЙНО-ХУДОЖЕСТВЕННОЕ СВОЕОБРАЗИЕ СБОРНИКА СОНЕТОВ М. ПЕРССОНА «ПОДЗЕМКА»,Алёшин А.С.,"В сборнике: Вестник факультета социальных цифровых технологий. XХV Международный Балтийский коммуникационный форум. Санкт-Петербург, 2023.  С. 321-325.",https://www.elibrary.ru/item.asp?id=64227420
15,816,МЕТОД ПОСТРОЕНИЯ АРХИТЕКТУРЫ ИНТЕЛЛЕКТУАЛЬНОЙ СИСТЕМЫ ОБНАРУЖЕНИЯ ВТОРЖЕНИЙ НА ОСНОВЕ КВАЗИБИОЛОГИЧЕСКОЙ ПАРАДИГМЫ,Штеренберг С.И.,"В книге: Прикладные процессы в области информационной безопасности. Тенденции развития методов защиты информации. Материалы научно-практических конференций. Самара, 2023.  С. 32-34.",https://www.elibrary.ru/item.asp?id=54975114
16,817,ЦИФРОВАЯ СТЕГАНОГРАФИЯ,"Коржик В.И., Красов А.В.","учебник /  Москва, 2023.",https://www.elibrary.ru/item.asp?id=49841367
17,818,ФИЗИЧЕСКАЯ КУЛЬТУРА КАК СРЕДСТВО ПРОФИЛАКТИКИ ЗАБОЛЕВАНИЙ,Сапсаева Т.В.,В сборнике: АКТУАЛЬНЫЕ ПРОБЛЕМЫ ФИЗИЧЕСКОЙ КУЛЬТУРЫ СТУДЕНТОВ МЕДИЦИНСКИХ ВУЗОВ. Материалы VIII Всероссийской научно-практической конференции с международным участием. Министерство здравоохранения Российской Федерации. Федеральное государственное бюджетное образовательное учреждение высшего образования «Северо-Западный государственный медицинский университет имени И. И. Мечникова» Министерства здравоохранения Российской Федерации (ФГБОУ ВО СЗГМУ им. И. И. Мечникова Минздрава России). 2023.  С. 324-331.,https://www.elibrary.ru/item.asp?id=50319371
18,819,ОБЗОР АКУСТИЧЕСКИХ СИСТЕМ НА СПОРТИВНЫХ СООРУЖЕНИЯХ (ЛЕДОВЫХ АРЕНАХ),"Количенко Д.А., Перелыгин С.В.","В сборнике: Актуальные проблемы инфотелекоммуникаций в науке и образовании (АПИНО 2023). Сборник научных статей XII Международной научно-технической и научно-методической конференции: в 4 т.. Санкт-Петербург, 2023.  С. 326-330.",https://www.elibrary.ru/item.asp?id=54609514
19,820,АНАЛИЗ СОВРЕМЕННЫХ СИСТЕМ ПОДДЕРЖКИ ПРИНЯТИЯ РЕШЕНИЙ В ОБЛАСТИ БАНКОВСКОГО НАДЗОРА,"Балакирев Н.А., Литвинов В.Л.","В сборнике: Подготовка профессиональных кадров в магистратуре для цифровой экономики (ПКМ-2022). Сборник лучших докладов Всероссийской научно-технической и научно-методической конференции магистрантов и их руководителей. Сост. Н.Н. Иванов. Санкт-Петербург, 2023.  С. 326-330.",https://www.elibrary.ru/item.asp?id=50223112
20,821,ЭТНОКУЛЬТУРНЫЕ ОСОБЕННОСТИ ФРАЗЕОЛОГИЧЕСКИХ ЕДИНИЦ АРГЕНТИНСКОГО ВАРИАНТА ИСПАНСКОГО ЯЗЫКА,Басова Я.А.,"В сборнике: Вестник факультета социальных цифровых технологий. XХV Международный Балтийский коммуникационный форум. Санкт-Петербург, 2023.  С. 326-330.",https://www.elibrary.ru/item.asp?id=64227425
21,822,ОПТИМИЗАЦИЯ МОДЕЛИ ПРЕДСКАЗАНИЯ ВИДЕО С ПОМОЩЬЮ TENSORRT ДЛЯ УМЕНЬШЕНИЯ ЗАДЕРЖЕК ПРИ УПРАВЛЕНИИ БПЛА,"Березкин А.А., Матвеев Д.В., Савелов Д.Ю.","В сборнике: Подготовка профессиональных кадров в магистратуре для цифровой экономики (ПКМ-2023). Всероссийская научно-техническая и научно-методическая конференция магистрантов и их руководителей; Сборник лучших докладов: в 2 томах. Санкт-Петербург, 2023.  С. 328-334.",https://www.elibrary.ru/item.asp?id=56659845
22,823,К ВОПРОСУ ИССЛЕДОВАНИЯ МАГНИТНОГО ПОЛЯ КОРОТКОЙ КАТУШКИ,"Максимов А.Н., Андреев В.А., Максимов Д.А.","В сборнике: Научно-образовательная среда как основа развития интеллектуального потенциала сельского хозяйства регионов России. Материалы III Международной научно-практической конференции. Чебоксары, 2023.  С. 330-333.",https://www.elibrary.ru/item.asp?id=54639273
23,824,ОЦЕНКА ЧИСЛА ЭМИССИОННЫХ ЦЕНТРОВ НА ПОВЕРХНОСТИ НАНОКОМПОЗИТНОГО ПОЛЕВОГО КАТОДА,"Колосько А.Г., Попов Е.О., Филиппов С.В., Чуркин С.В.","В сборнике: Актуальные проблемы инфотелекоммуникаций в науке и образовании (АПИНО 2023). Сборник научных статей XII Международной научно-технической и научно-методической конференции: в 4 т.. Санкт-Петербург, 2023.  С. 330-334.",https://www.elibrary.ru/item.asp?id=54609515
24,825,ИССЛЕДОВАНИЕ МОДЕЛЕЙ РАСПРОСТРАНЕНИЯ ЭПИДЕМИИ,"Дергачев Д.Д., Литвинов В.Л.","В сборнике: Подготовка профессиональных кадров в магистратуре для цифровой экономики (ПКМ-2022). Сборник лучших докладов Всероссийской научно-технической и научно-методической конференции магистрантов и их руководителей. Сост. Н.Н. Иванов. Санкт-Петербург, 2023.  С. 331-333.",https://www.elibrary.ru/item.asp?id=50223113
25,826,К ВОПРОСУ О ПРИМЕНЕНИИ ИСКУССТВЕННОГО ИНТЕЛЛЕКТА В ОБУЧЕНИИ ИНОСТРАННЫМ ЯЗЫКАМ,Булатова А.Б.,"В сборнике: Вестник факультета социальных цифровых технологий. XХV Международный Балтийский коммуникационный форум. Санкт-Петербург, 2023.  С. 331-334.",https://www.elibrary.ru/item.asp?id=64227449
26,827,ИССЛЕДОВАНИЕ СЕТЕЙ WI-FI 6Е НА УСТОЙЧИВОСТЬ К РАСПРОСТРАНЕННЫМ АТАКАМ,"Ковцур М.М., Винников С.А., Трезоров В.И., Киструга А.Ю.","В книге: Мобильный бизнес: перспективы развития и реализации систем радиосвязи в России и за рубежом. Сборник материалов (тезисов) 51-й Международной конференции. Москва, 2023.  С. 33-35.",https://www.elibrary.ru/item.asp?id=53629177
27,828,ТЕОРЕТИЧЕСКОЕ И ЭКСПЕРИМЕНТАЛЬНОЕ ИССЛЕДОВАНИЕ МЕТОДОВ ОЦЕНКИ КАЧЕСТВА СВЯЗИ В ОПТИЧЕСКИХ ТЕЛЕКОММУНИКАЦИОННЫХ СИСТЕМАХ,"Цыганова Д.Д., Былина М.С.","В сборнике: Современные проблемы телекоммуникаций. Материалы Всероссийской научно-технической конференции с международным участием. Под редакцией А.В. Ефимова, Т.И. Монастырской. Новосибирск, 2023.  С. 33-37.",https://www.elibrary.ru/item.asp?id=53947881
28,829,"ПРЯМЫЕ МЕТОДЫ АДАПТАЦИИ ЦЕНТРАЛЬНО-СИММЕТРИЧНЫХ АНТЕННЫХ РЕШЕТОК, УЧИТЫВАЮЩИЕ СТРУКТУРУ КОРРЕЛЯЦИОННЫХ МАТРИЦ И НЕЛИНЕЙНОСТИ ПРИЕМНЫХ ТРАКТОВ","Глушанков Е.И., Хренов А.А.","В сборнике: Подготовка профессиональных кадров в магистратуре для цифровой экономики (ПКМ-2022). Сборник лучших докладов Всероссийской научно-технической и научно-методической конференции магистрантов и их руководителей. Сост. Н.Н. Иванов. Санкт-Петербург, 2023.  С. 33-37.",https://www.elibrary.ru/item.asp?id=50223050
29,830,СРАВНИТЕЛЬНЫЙ АНАЛИЗ МЕТОДОВ НЕЛИНЕЙНОЙ РЕГРЕССИИ ДЛЯ ЦЕЛЕЙ ИДЕНТИФИКАЦИИ СИСТЕМ,Новиков Е.А.,"В сборнике: Подготовка профессиональных кадров в магистратуре для цифровой экономики (ПКМ-2022). Сборник лучших докладов Всероссийской научно-технической и научно-методической конференции магистрантов и их руководителей. Сост. Н.Н. Иванов. Санкт-Петербург, 2023.  С. 334-338.",https://www.elibrary.ru/item.asp?id=50223114
30,831,СРАВНИТЕЛЬНАЯ ОЦЕНКА ЗАГРЯЗНЕНИЯ АТМОСФЕРНОГО ВОЗДУХА ПО ДАННЫМ СТАЦИОНАРНЫХ ПОСТОВ И ИНТЕРНЕТ-ИСТОЧНИКОВ НА ПРИМЕРЕ ЦЕНТРАЛЬНОГО РАЙОНА САНКТ-ПЕТЕРБУРГА,"Коноплёва А.В., Стурман В.И.","В сборнике: Актуальные проблемы инфотелекоммуникаций в науке и образовании (АПИНО 2023). Сборник научных статей XII Международной научно-технической и научно-методической конференции: в 4 т.. Санкт-Петербург, 2023.  С. 335-340.",https://www.elibrary.ru/item.asp?id=54665067
31,832,МОДЕЛИРОВАНИЕ И ПРОЕКТИРОВАНИЕ НЕЙРОСЕТЕВОГО РЕШЕНИЯ ДЛЯ УМЕНЬШЕНИЯ ЗАДЕРЖЕК ПРИ УПРАВЛЕНИИ БЕСПИЛОТНЫМИ СИСТЕМАМИ В ГИБРИДНЫХ СЕТЯХ СВЯЗИ,"Березкин А.А., Матвеев Д.В., Слепнев А.В., Суходоева А.В.","В сборнике: Подготовка профессиональных кадров в магистратуре для цифровой экономики (ПКМ-2023). Всероссийская научно-техническая и научно-методическая конференция магистрантов и их руководителей; Сборник лучших докладов: в 2 томах. Санкт-Петербург, 2023.  С. 335-342.",https://www.elibrary.ru/item.asp?id=56659846
32,833,ИСПОЛЬЗОВАНИЕ НЕЙРОННЫХ СЕТЕЙ В ЗАДАЧЕ АВТОНОМНОЙ НАВИГАЦИИ БЕСПИЛОТНЫХ ЛЕТАТЕЛЬНЫХ АППАРАТОВ,"Беляев П.Ю., Зикратов И.А.","В книге: Информационная безопасность регионов России (ИБРР-2023). XIII Санкт-Петербургская межрегиональная конференция. Материалы конференции. Санкт-Петербург, 2023.  С. 339-340.",https://www.elibrary.ru/item.asp?id=60024898
33,834,СРАВНИТЕЛЬНЫЙ АНАЛИЗ АЛЬТЕРНАТИВНЫХ ВАРИАНТОВ ИСПОЛЬЗОВАНИЯ МОДЕЛЬНО-АНАЛИТИЧЕСКОГО ИНТЕЛЛЕКТА В СЕРВИС-ОРИЕНТИРОВАННЫХ СИСТЕМАХ,"Петрова В.Е., Птицына Л.К.","В сборнике: Подготовка профессиональных кадров в магистратуре для цифровой экономики (ПКМ-2022). Сборник лучших докладов Всероссийской научно-технической и научно-методической конференции магистрантов и их руководителей. Сост. Н.Н. Иванов. Санкт-Петербург, 2023.  С. 339-342.",https://www.elibrary.ru/item.asp?id=50223115
34,835,АКТУАЛИЗАЦИЯ КОМПОНЕНТОВ ПОНЯТИЯ NEGOTIATIONS В НОВОСТНОМ МЕДИАДИСКУРСЕ,"Абыякая О.В., Землякова К.В.","В сборнике: Вестник факультета социальных цифровых технологий. XХV Международный Балтийский коммуникационный форум. Санкт-Петербург, 2023.  С. 339-351.",https://www.elibrary.ru/item.asp?id=64227480
35,836,СОВРЕМЕННОЕ СОСТОЯНИЕ И ПЕРСПЕКТИВЫ РАЗВИТИЯ ЦИФРОВЫХ ДВОЙНИКОВ ПРОСТРАНСТВЕННЫХ ОБЪЕКТОВ,"Верхова Г.В., Акимов С.В., Прощенков В.М., Юрчик Д.С.","В книге: Информационная безопасность регионов России (ИБРР-2023). XIII Санкт-Петербургская межрегиональная конференция. Материалы конференции. Санкт-Петербург, 2023.  С. 340-341.",https://www.elibrary.ru/item.asp?id=60024899
36,837,ИССЛЕДОВАНИЕ И РАЗРАБОТКА АЛГОРИТМОВ ДИНАМИЧЕСКОЙ СТЕГАНОГРАФИИ ДЛЯ ГРАФИЧЕСКИХ КОНТЕЙНЕРОВ,"Волынкин П.А., Гибадуллин А.А.","В книге: Информационная безопасность регионов России (ИБРР-2023). XIII Санкт-Петербургская межрегиональная конференция. Материалы конференции. Санкт-Петербург, 2023.  С. 341-342.",https://www.elibrary.ru/item.asp?id=60024900
37,838,"РАЗРАБОТКА МЕТОДИКИ, АЛГОРИТМИЧЕСКОГО И ПРОГРАММНОГО ОБЕСПЕЧЕНИЯ ДЛЯ ОЦЕНКИ КАЧЕСТВА ШИФРОВАНИЯ","Волынкин П.А., Кузнецов В.В.","В книге: Информационная безопасность регионов России (ИБРР-2023). XIII Санкт-Петербургская межрегиональная конференция. Материалы конференции. Санкт-Петербург, 2023.  С. 342-343.",https://www.elibrary.ru/item.asp?id=60024901
38,839,ИССЛЕДОВАНИЕ ОСОБЕННОСТЕЙ ТЕХНОЛОГИИ OWE В БЕСПРОВОДНОЙ СЕТИ СО СТАНДАРТОМ WPA3,"Герлинг Е.Ю., Зебзеев Е.А., Киструга А.Ю.","В книге: Информационная безопасность регионов России (ИБРР-2023). XIII Санкт-Петербургская межрегиональная конференция. Материалы конференции. Санкт-Петербург, 2023.  С. 343-344.",https://www.elibrary.ru/item.asp?id=60025217
39,840,АВТОМАТИЧЕСКОЕ ОТСЛЕЖИВАНИЕ ИЗМЕНЕНИЙ ПОКАЗАТЕЛЕЙ ПРОФЕССИОНАЛЬНОЙ ДЕЯТЕЛЬНОСТИ,"Птицын Н.А., Птицына Л.К.","В сборнике: Подготовка профессиональных кадров в магистратуре для цифровой экономики (ПКМ-2022). Сборник лучших докладов Всероссийской научно-технической и научно-методической конференции магистрантов и их руководителей. Сост. Н.Н. Иванов. Санкт-Петербург, 2023.  С. 343-347.",https://www.elibrary.ru/item.asp?id=50223116
40,841,ОПТИМИЗАЦИЯ НЕЙРОСЕТЕВЫХ ДИФФФУЗИОННЫХ МОДЕЛЕЙ ДЛЯ СЖАТИЯ ВИДЕОПОТОКА В РЕАЛЬНОМ ВРЕМЕНИ,"Березкин А.А., Нагорнов М.Н., Савелов Д.Ю.","В сборнике: Подготовка профессиональных кадров в магистратуре для цифровой экономики (ПКМ-2023). Всероссийская научно-техническая и научно-методическая конференция магистрантов и их руководителей; Сборник лучших докладов: в 2 томах. Санкт-Петербург, 2023.  С. 343-351.",https://www.elibrary.ru/item.asp?id=56659847
41,842,ОБНАРУЖЕНИЕ АНОМАЛИЙ С ПОМОЩЬЮ МЕТОДОВ МАШИННОГО ОБУЧЕНИЯ,"Рузманов Е.Ю., Качуровский Ю.О.","В сборнике: Научные исследования и разработки 2023: естественные и технические науки. сборник материалов XVII-ой международной очно-заочной научно-практической конференции. Москва, 2023.  С. 34-36.",https://www.elibrary.ru/item.asp?id=51330364
42,843,ИССЛЕДОВАНИЕ ИНФОРМАЦИОННОЙ МОДЕЛИ ОЦЕНКИ УРОВНЯ ПОДГОТОВКИ СТУДЕНТОВ ПРИ ТЕСТИРОВАНИИ,"Губин А.Н., Михайлова Е.А.","В книге: Информационная безопасность регионов России (ИБРР-2023). XIII Санкт-Петербургская межрегиональная конференция. Материалы конференции. Санкт-Петербург, 2023.  С. 344-345.",https://www.elibrary.ru/item.asp?id=60024902
43,844,ОБНАРУЖЕНИЕ АТАКИ НА TDLS БЕСПРОВОДНОГО УСТРОЙСТВА,"Дрепа В.Е., Ковцур М.М., Сахаров Д.В., Шарапов Р.И.","В книге: Информационная безопасность регионов России (ИБРР-2023). XIII Санкт-Петербургская межрегиональная конференция. Материалы конференции. Санкт-Петербург, 2023.  С. 345-346.",https://www.elibrary.ru/item.asp?id=60024903
44,845,НОВЫЙ ПОДХОД К ИССЛЕДОВАНИЮ ЦЕЛОСТНОСТИ ОПЕРАЦИОННОЙ СИСТЕМЫ LINUX В ПРОЦЕССЕ ЕЕ РАБОТЫ,"Коньков В.В., Кузнецов В.А., Красов А.В.","В книге: Информационная безопасность регионов России (ИБРР-2023). XIII Санкт-Петербургская межрегиональная конференция. Материалы конференции. Санкт-Петербург, 2023.  С. 346-347.",https://www.elibrary.ru/item.asp?id=60024904
45,846,СРАВНИТЕЛЬНЫЙ АНАЛИЗ БИБЛИОТЕК ДЛЯ РЕШЕНИЯ ЗАДАЧ ОБРАБОТКИ ЕСТЕСТВЕННОГО ЯЗЫКА,"Копытова Е.В., Филиппов Ф.В.","В книге: Информационная безопасность регионов России (ИБРР-2023). XIII Санкт-Петербургская межрегиональная конференция. Материалы конференции. Санкт-Петербург, 2023.  С. 348-349.",https://www.elibrary.ru/item.asp?id=60024905
46,847,ФОРМИРОВАНИЕ РАСШИРЕННЫХ ОБЪЕКТНО-ОРИЕНТИРОВАННЫХ МОДЕЛЕЙ ТИПОВЫХ ПРОЦЕССОВ СИСТЕМ АВТОМАТИЗАЦИИ ДОКУМЕНТООБОРОТА,"Птицына Л.К., Пелих Д.А.","В сборнике: Подготовка профессиональных кадров в магистратуре для цифровой экономики (ПКМ-2022). Сборник лучших докладов Всероссийской научно-технической и научно-методической конференции магистрантов и их руководителей. Сост. Н.Н. Иванов. Санкт-Петербург, 2023.  С. 348-351.",https://www.elibrary.ru/item.asp?id=50223117
47,848,ВЫБОР МОДУЛЯ ЯДРА ОС LINUX ДЛЯ ВНЕДРЕНИЯ ЦВЗ,Красов А.В.,"В книге: Информационная безопасность регионов России (ИБРР-2023). XIII Санкт-Петербургская межрегиональная конференция. Материалы конференции. Санкт-Петербург, 2023.  С. 349-351.",https://www.elibrary.ru/item.asp?id=60024906
48,849,УГРОЗЫ ИНФОРМАЦИОННОЙ БЕЗОПАСТНОСТИ В НЕЙРОСЕТЕВЫХ ТЕХНОЛОГИЯХ,"Литвинов В.Л., Балакирев Н.А.","В книге: Информационная безопасность регионов России (ИБРР-2023). XIII Санкт-Петербургская межрегиональная конференция. Материалы конференции. Санкт-Петербург, 2023.  С. 351-353.",https://www.elibrary.ru/item.asp?id=60024907
49,850,АНАЛИЗ АЛГОРИТМОВ МАШИННОГО ОБУЧЕНИЯ В МЕТОДАХ ГИБРИДНОГО ФОРМИРОВАНИЯ ЛУЧА В БЕСПРОВОДНЫХ СЕТЯХ МИЛЛИМЕТРОВЫХ ДЛИН ВОЛН,"Коровин К.О., Криворука О.О., Симонина О.А.","В сборнике: Актуальные проблемы инфотелекоммуникаций в науке и образовании (АПИНО 2023). Сборник научных статей XII Международной научно-технической и научно-методической конференции: в 4 т.. Санкт-Петербург, 2023.  С. 351-356.",https://www.elibrary.ru/item.asp?id=54609516
50,851,SECOND LANGUAGE VOCABULARY ACQUISITION STRATEGIES USED BY HEARING IMPAIRED LEARNERS IN THE FORMAL EDUCATIONAL SETTINGS,"Marinskaya A., Zurikov M.","В сборнике: Вестник факультета социальных цифровых технологий. XХV Международный Балтийский коммуникационный форум. Санкт-Петербург, 2023.  С. 352-356.",https://www.elibrary.ru/item.asp?id=64227855
51,852,ПРИМЕНЕНИЕ МНОГОАГЕНТНЫХ ИНТЕЛЛЕКТУАЛЬНЫХ СИСТЕМ ДЛЯ ЭКОЛОГИЧЕСКОГО МОНИТОРИНГА,"Птицына Л.К., Рожкова Д.А.","В сборнике: Подготовка профессиональных кадров в магистратуре для цифровой экономики (ПКМ-2022). Сборник лучших докладов Всероссийской научно-технической и научно-методической конференции магистрантов и их руководителей. Сост. Н.Н. Иванов. Санкт-Петербург, 2023.  С. 352-356.",https://www.elibrary.ru/item.asp?id=50223118
52,853,ПОВЫШЕНИЕ СТАБИЛЬНОСТИ КОНУТРОВ НА ИЗОБРАЖЕНИЯХ ПРИ ИСПОЛЬЗОВАНИИ СЖАТИЯ С ПОМОЩЬЮ ДИФФУЗИОННЫХ НЕЙРОСЕТЕЙ,"Березкин А.А., Никифоров Е.В., Парфенов Д.Д.","В сборнике: Подготовка профессиональных кадров в магистратуре для цифровой экономики (ПКМ-2023). Всероссийская научно-техническая и научно-методическая конференция магистрантов и их руководителей; Сборник лучших докладов: в 2 томах. Санкт-Петербург, 2023.  С. 352-357.",https://www.elibrary.ru/item.asp?id=56659848
53,854,ПРИНЦИПЫ БЕЗОПАСНОГО ПРОЕКТИРОВАНИЯ ИНФОРМАЦИОННЫХ СИСТЕМ,"Литвинов В.Л., Безкоровайная М.В., Толмачев А.Ю., Гольдес И.С.","В книге: Информационная безопасность регионов России (ИБРР-2023). XIII Санкт-Петербургская межрегиональная конференция. Материалы конференции. Санкт-Петербург, 2023.  С. 353-354.",https://www.elibrary.ru/item.asp?id=60024908
54,855,МОДЕРНИЗАЦИЯ КВАНТОВОГО СТАНДАРТА ЧАСТОТЫ С ОПТИЧЕСКОЙ НАКАЧКОЙ,"Аринушкина К.Г., Давыдов В.В.","В сборнике: Актуальные проблемы инфотелекоммуникаций в науке и образовании (АПИНО 2023). Сборник научных статей XII Международной научно-технической и научно-методической конференции: в 4 т.. Санкт-Петербург, 2023.  С. 35-39.",https://www.elibrary.ru/item.asp?id=54609424
55,856,ВЛИЯНИЕ ЭЛЕКТРОМОБИЛЕЙ НА ПРИРОДУ,"Карлос А.Ж.Г.А., Непомнящий В.А., Никандров В.А., Никандров В.А.","В сборнике: Студенческая весна - 2023. Материалы 77-ой региональной научно-технической конференции студентов, аспирантов и молодых ученых. Санкт-Петербург, 2023.  С. 35-40.",https://www.elibrary.ru/item.asp?id=54917054
56,857,ИССЛЕДОВАНИЕ МЕТОДОВ ИМИТАЦИОННОГО МОДЕЛИРОВАНИЯ ПРОЦЕССОВ РАСПРОСТРАНЕНИЯ ЭПИДЕМИИ,"Литвинов В.Л., Дергачев Д.Д.","В книге: Информационная безопасность регионов России (ИБРР-2023). XIII Санкт-Петербургская межрегиональная конференция. Материалы конференции. Санкт-Петербург, 2023.  С. 354-355.",https://www.elibrary.ru/item.asp?id=60024909
57,858,РАЗВИТИЕ СРЕДСТВ ЗАЩИТЫ ИНФОРМАЦИОННЫХ СИСТЕМ ОТ ВРЕДОНОСНОГО ПРИМЕНЕНИЯ ИСКУССТВЕННОГО ИНТЕЛЛЕКТА,"Литвинов В.Л., Гольдес И.С., Безкоровайная М.В., Толмачев А.Ю.","В книге: Информационная безопасность регионов России (ИБРР-2023). XIII Санкт-Петербургская межрегиональная конференция. Материалы конференции. Санкт-Петербург, 2023.  С. 355-356.",https://www.elibrary.ru/item.asp?id=60024910
58,859,АНАЛИЗ АТАК НА СЕТЕВЫЕ УЗЛЫ ГРУППОВЫХ РОБОТОВ,"Литвинов В.Л., Яшин А.В.","В книге: Информационная безопасность регионов России (ИБРР-2023). XIII Санкт-Петербургская межрегиональная конференция. Материалы конференции. Санкт-Петербург, 2023.  С. 356-357.",https://www.elibrary.ru/item.asp?id=60024911
59,860,РАДИОЧАСТОТНАЯ ИДЕНТИФИКАЦИЯ ДЛЯ ЗАДАЧИ АВТОМАТИЗАЦИИ СКЛАДА,"Кравец Е.В., Чернышова А.В.","В сборнике: Актуальные проблемы инфотелекоммуникаций в науке и образовании (АПИНО 2023). Сборник научных статей XII Международной научно-технической и научно-методической конференции: в 4 т.. Санкт-Петербург, 2023.  С. 356-361.",https://www.elibrary.ru/item.asp?id=54609519
60,861,ФОРМИРОВАНИЕ НАВЫКА ОБОСНОВАННОГО РАССУЖДЕНИЯ ПОСРЕДСТВОМ ОБУЧЕНИЯ АКАДЕМИЧЕСКОМУ ПИСЬМУ НА ИНОСТРАННОМ ЯЗЫКЕ,Иванова В.А.,"В сборнике: Вестник факультета социальных цифровых технологий. XХV Международный Балтийский коммуникационный форум. Санкт-Петербург, 2023.  С. 357-361.",https://www.elibrary.ru/item.asp?id=64227482
61,862,ГИБРИДНЫЕ СЕТИ И ИХ ОСНОВНЫЕ ВИДЫ С УЧЕТОМ ОБЛАСТЕЙ ПРИМЕНЕНИЯ,"Березкин А.А., Слепнев А.В., Суходоева А.В.","В сборнике: Подготовка профессиональных кадров в магистратуре для цифровой экономики (ПКМ-2023). Всероссийская научно-техническая и научно-методическая конференция магистрантов и их руководителей; Сборник лучших докладов: в 2 томах. Санкт-Петербург, 2023.  С. 358-364.",https://www.elibrary.ru/item.asp?id=56659900
62,863,ОБЗОР ИССЛЕДОВАНИЙ ПО ОЦЕНКЕ ПРОИЗВОДИТЕЛЬНОСТИ WLAN СЕТИ,"Махмутова Н.Ф., Ковцур М.М., Петрова Т.В., Киструга А.Ю.","В книге: Информационная безопасность регионов России (ИБРР-2023). XIII Санкт-Петербургская межрегиональная конференция. Материалы конференции. Санкт-Петербург, 2023.  С. 359-360.",https://www.elibrary.ru/item.asp?id=60024913
63,864,ИССЛЕДОВАНИЕ ПРОГРАММНОЙ СТРУКТУРЫ АРХИТЕКТУРЫ СЕТИ РАДИОДОСТУПА LTE,"Мошак Н.Н., Кравец А.Ю.","В книге: Информационная безопасность регионов России (ИБРР-2023). XIII Санкт-Петербургская межрегиональная конференция. Материалы конференции. Санкт-Петербург, 2023.  С. 360-363.",https://www.elibrary.ru/item.asp?id=60024914
64,865,"СТРУКТУРНЫЙ АНАЛИЗ ЭФФЕКТОВ, ФОРМИРУЕМЫХ ЦИРКУЛЯРНОЙ ЭКОНОМИЧЕСКОЙ СИСТЕМОЙ РЕГИОНА","Малевская-Малевич Е.Д., Кваша Н.В., Болотникова О.И.","В сборнике: Интеллектуальная инженерная экономика и индустрия 5.0 (ЭКОПРОМ). Сборник трудов Международной научно-практической конференции. Санкт-Петербург, 2023.  С. 362-364.",https://www.elibrary.ru/item.asp?id=54951264
65,866,СОВРЕМЕННЫЕ ТЕНДЕНЦИИ В ПРАКТИКЕ ИМЯНАРЕЧЕНИЯ В ШОТЛАНДИИ,Иванченко Н.Я.,"В сборнике: Вестник факультета социальных цифровых технологий. XХV Международный Балтийский коммуникационный форум. Санкт-Петербург, 2023.  С. 362-368.",https://www.elibrary.ru/item.asp?id=64227483
66,867,IPX НОВАЯ ПАРАДИГМА КОНВЕРГЕНЦИИ МОБИЛЬНЫХ И ФИКСИРОВАННЫХ СЕТЕЙ NGN,"Мошак Н.Н., Медведев Д.С.","В книге: Информационная безопасность регионов России (ИБРР-2023). XIII Санкт-Петербургская межрегиональная конференция. Материалы конференции. Санкт-Петербург, 2023.  С. 363-364.",https://www.elibrary.ru/item.asp?id=60024915
67,868,ИССЛЕДОВАНИЕ МЕТОДОВ ВИЗУАЛЬНОЙ НАВИГАЦИИ БЕСПИЛОТНЫХ ЛЕТАТЕЛЬНЫХ СРЕДСТВ В СЛОЖНЫХ УСЛОВИЯХ ЭКСПЛУАТАЦИИ,"Беляев П.Ю., Зикратов И.А.","В сборнике: Региональная информатика и информационная безопасность. Сборник трудов Санкт-Петербургской международной конференции. Санкт-Петербург, 2023.  С. 363-366.",https://www.elibrary.ru/item.asp?id=60025347
68,869,ПРОГРАММА МАГИСТЕРСКОГО ОНЛАЙН-КУРСА «МНОГОАСПЕКТНОЕ ГЕОИНФОРМАЦИОННОЕ МОДЕЛИРОВАНИЕ»,Верхова Г.В.,"В сборнике: Подготовка профессиональных кадров в магистратуре для цифровой экономики (ПКМ-2022). Сборник лучших докладов Всероссийской научно-технической и научно-методической конференции магистрантов и их руководителей. Сост. Н.Н. Иванов. Санкт-Петербург, 2023.  С. 363-366.",https://www.elibrary.ru/item.asp?id=50223120
69,870,ЯДЕРНО-МАГНИТНЫЙ РАСХОДОМЕР-РЕЛАКСОМЕТР ДЛЯ КОНТРОЛЯ РАСХОДА И СОСТАВА ГОРЮЧЕ-СМАЗОЧНЫХ СМЕСЕЙ С ВЫСОКОЙ ВЯЗКОСТЬЮ,"Давыдов В.В., Проводин Д.С., Давыдов Р.В., Дудкин В.И., Логунов С.Э.","В сборнике: Приборостроение и автоматизированный электропривод в топливно-энергетическом комплексе и жилищно-коммунальном хозяйстве. Материалы VIII Национальной научно-практической конференции. Казань, 2023.  С. 36-39.",https://www.elibrary.ru/item.asp?id=55175108
70,871,АНАЛИЗ РАСПРЕДЕЛЕННОГО ПЛАНИРОВАНИЯ ДЕЙСТВИЙ В МУЛЬТИАГЕНТНЫХ СИСТЕМАХ,"Пелих Д.А., Птицына Л.К., Ширин А.И.","В книге: Информационная безопасность регионов России (ИБРР-2023). XIII Санкт-Петербургская межрегиональная конференция. Материалы конференции. Санкт-Петербург, 2023.  С. 364-365.",https://www.elibrary.ru/item.asp?id=60024916
71,872,ИССЛЕДОВАНИЕ ИНСТРУМЕНТАРИЯ WEBSPLOIT ДЛЯ ОЦЕНКИ ИНФОРМАЦИОННОЙ БЕЗОПАСНОСТИ БЕСПРОВОДНОЙ СЕТИ,"Петрова Т.В., Кузьмина О.И., Ковцур М.М., Киструга А.Ю.","В книге: Информационная безопасность регионов России (ИБРР-2023). XIII Санкт-Петербургская межрегиональная конференция. Материалы конференции. Санкт-Петербург, 2023.  С. 365-366.",https://www.elibrary.ru/item.asp?id=60024917
72,873,МУЛЬТИАГЕНТНОЕ ПЛАНИРОВАНИЕ В УПРАВЛЕНИИ ГОРОДСКОЙ ИНФРАСТРУКТУРОЙ,"Бондаренко И.Б., Пелих Д.А.","В сборнике: Подготовка профессиональных кадров в магистратуре для цифровой экономики (ПКМ-2023). Всероссийская научно-техническая и научно-методическая конференция магистрантов и их руководителей; Сборник лучших докладов: в 2 томах. Санкт-Петербург, 2023.  С. 365-368.",https://www.elibrary.ru/item.asp?id=56659850
73,874,ОНТОЛОГИЯ АРХИТЕКТУРЫ ИНТЕЛЛЕКТУАЛЬНЫХ ИНФОРМАЦИОННЫХ СИСТЕМ ПРОГНОЗА БИРЖЕВЫХ КОТИРОВОК,"Птицын Н.А., Птицына Л.К.","В книге: Информационная безопасность регионов России (ИБРР-2023). XIII Санкт-Петербургская межрегиональная конференция. Материалы конференции. Санкт-Петербург, 2023.  С. 366-368.",https://www.elibrary.ru/item.asp?id=60024919
74,875,ФОРМИРОВАНИЕ ЕДИНОЙ КИБЕРСРЕДЫ ПОСТИНДУСТРИАЛЬНОГО ОБЩЕСТВА НА БАЗЕ ЦИФРОВЫХ 5D-ДВОЙНИКОВ ПРОСТРАНСТВЕННО-РАСПРЕДЕЛЕННЫХ ОБЪЕКТОВ,"Верхова Г.В., Акимов С.В., Прощенков В.М., Юрчик Д.С.","В сборнике: Региональная информатика и информационная безопасность. Сборник трудов Санкт-Петербургской международной конференции. Санкт-Петербург, 2023.  С. 366-369.",https://www.elibrary.ru/item.asp?id=60025348
75,876,МОДЕЛИРОВАНИЕ ИТЕРАТИВНОГО ЭКВАЛАЙЗЕРА С ДВУНАПРАВЛЕННОЙ СТРУКТУРОЙ,"Кротов Р.Е., Рыбаков А.И.","В сборнике: Актуальные проблемы инфотелекоммуникаций в науке и образовании (АПИНО 2023). Сборник научных статей XII Международной научно-технической и научно-методической конференции: в 4 т.. Санкт-Петербург, 2023.  С. 366-371.",https://www.elibrary.ru/item.asp?id=54665070
76,877,ИСПОЛЬЗОВАНИЕ СИНТЕТИЧЕСКИХ ДАННЫХ ДЛЯ ОБУЧЕНИЯ НЕЙРОСЕТЕВОГО ДЕТЕКТОРА ОСТАВЛЕННЫХ ПРЕДМЕТОВ,"Парфенов Д.Д., Скробов Д.В., Березкин А.А.","В сборнике: Подготовка профессиональных кадров в магистратуре для цифровой экономики (ПКМ-2022). Сборник лучших докладов Всероссийской научно-технической и научно-методической конференции магистрантов и их руководителей. Сост. Н.Н. Иванов. Санкт-Петербург, 2023.  С. 367-371.",https://www.elibrary.ru/item.asp?id=50223121
77,878,THE PROBLEMS AND OBSTACLES FACING THE DESIGNERS OF THE VIRTUAL WORLD,Al-Nami B.A.,"В сборнике: Информатика, управляющие системы, математическое и компьютерное моделирование (ИУСМКМ-2023). Материалы XIV Международной научно-технической конференции в рамках IX Международного Научного форума Донецкой Народной Республики. Донецк, 2023.  С. 367-371.",https://www.elibrary.ru/item.asp?id=54993073
78,879,СРАВНЕНИЕ МЕТОДОВ УПРАВЛЕНИЯ ПРОЕКТАМИ ПРИ ВНЕДРЕНИИ CRM-СИСТЕМЫ НА ПРЕДПРИЯТИЕ,Юрьева М.Е.,"В сборнике: Фундаментальные основы развития науки и образования в современном мире. сборник научных трудов. Миасс, 2023.  С. 367-374.",https://www.elibrary.ru/item.asp?id=64226271
79,880,МИКРОСЕРВИСЫ ПОВЫШЕНИЯ КАЧЕСТВА ПОИСКА ИНФОРМАЦИИ,"Птицына Л.К., Солтык А.М.","В книге: Информационная безопасность регионов России (ИБРР-2023). XIII Санкт-Петербургская межрегиональная конференция. Материалы конференции. Санкт-Петербург, 2023.  С. 368-369.",https://www.elibrary.ru/item.asp?id=60024920
80,881,ОБНАРУЖЕНИЕ ВТОРЖЕНИЙ НА ОСНОВЕ ИММУНОКОМПЬЮТИНГА,"Тюменцев А.А., Бондаренко И.Б.","В книге: Информационная безопасность регионов России (ИБРР-2023). XIII Санкт-Петербургская межрегиональная конференция. Материалы конференции. Санкт-Петербург, 2023.  С. 369-370.",https://www.elibrary.ru/item.asp?id=60024921
81,882,АНАЛИЗ ТЕХНОЛОГИИ ОЦЕНКИ ПОЗЫ ЧЕЛОВЕКА И НЕЙРОННЫХ СЕТЕЙ ДЛЯ ОБЕСПЕЧЕНИЯ ТЕХНОЛОГИИ ТЕЛЕПРИСУТСТВИЯ,"Еремеев М.А., Мутханна А.С.А.","В сборнике: Подготовка профессиональных кадров в магистратуре для цифровой экономики (ПКМ-2023). Всероссийская научно-техническая и научно-методическая конференция магистрантов и их руководителей; Сборник лучших докладов: в 2 томах. Санкт-Петербург, 2023.  С. 369-373.",https://www.elibrary.ru/item.asp?id=56659851
82,883,ИССЛЕДОВАНИЕ ВОЗМОЖНОСТЕЙ ОПЕРАТИВНОГО УПРАВЛЕНИЯ ПРОЦЕССАМИ СТЕГАНОГРАФИИ,"Волынкин П.А., Гибадуллин А.А.","В сборнике: Региональная информатика и информационная безопасность. Сборник трудов Санкт-Петербургской международной конференции. Санкт-Петербург, 2023.  С. 369-373.",https://www.elibrary.ru/item.asp?id=60025349
83,884,ПРИМЕНЕНИЕ ТЕОРИИ БИФУРКАЦИЙ ДЛЯ АНАЛИЗА КИБЕРБЕЗОПАСНОСТИ ОБЪЕКТОВ КРИТИЧЕСКОЙ ИНФРАСТРУКТУРЫ,"Шашкин В.С., Петрова Т.С., Бирих Э.В., Сахаров Д.В., Липатников В.А.","В книге: Информационная безопасность регионов России (ИБРР-2023). XIII Санкт-Петербургская межрегиональная конференция. Материалы конференции. Санкт-Петербург, 2023.  С. 370-372.",https://www.elibrary.ru/item.asp?id=60024922
84,885,СОВРЕМЕННОЕ СОСТОЯНИЕ И ПЕРСПЕКТИВЫ РАЗВИТИЯ ОБЪЕКТНЫХ ГЕОИНФОРМАЦИОННЫХ СИСТЕМ,Прокофьев П.А.,"В сборнике: Подготовка профессиональных кадров в магистратуре для цифровой экономики (ПКМ-2022). Сборник лучших докладов Всероссийской научно-технической и научно-методической конференции магистрантов и их руководителей. Сост. Н.Н. Иванов. Санкт-Петербург, 2023.  С. 372-375.",https://www.elibrary.ru/item.asp?id=50223122
85,886,ИССЛЕДОВАНИЕ ЭФФЕКТИВНОСТИ ИСПОЛЬЗОВАНИЯ КОМПЛЕКСНОЙ МЕТОДИКИ| ОЦЕНКИ КАЧЕСТВА АЛГОРИТМОВ КРИПТОГРАФИИ,"Волынкин П.А., Кузнецов В.В.","В сборнике: Региональная информатика и информационная безопасность. Сборник трудов Санкт-Петербургской международной конференции. Санкт-Петербург, 2023.  С. 373-375.",https://www.elibrary.ru/item.asp?id=60025350
86,887,УПРАВЛЕНИЕ ПРОЦЕССАМИ МОНИТОРИНГА ИНФОКОММУНИКАЦИОННЫХ СЕТЕЙ,"Расымбетов Р.Р., Емантаева Е.А., Кривоносова Н.В.","В сборнике: Эффективное развитие региональных социально-экономических систем в современных реалиях: инновации, устойчивость и безопасность. материалы международной научно-практической конференции. Владимир, 2023.  С. 373-378.",https://www.elibrary.ru/item.asp?id=65679084
87,888,ОРГАНИЗАЦИЯ ЗАЩИЩЕННОГО ВЗАИМОДЕЙСТВИЯ РАСПРЕДЕЛЕННЫХ СЕТЕВЫХ УСТРОЙСТВ,"Ковцур М.М., Браницкий А.А., Казаков Н.И.","В книге: Мобильный бизнес: перспективы развития и реализации систем радиосвязи в России и за рубежом. Сборник материалов (тезисов) 51-й Международной конференции. Москва, 2023.  С. 37-39.",https://www.elibrary.ru/item.asp?id=53629183
88,889,СТРАТЕГИЧЕСКОЕ И НОРМАТИВНО-ПРАВОВОЕ ОБЕСПЕЧЕНИЕ СТУДЕНЧЕСКОГО СПОРТА В УСЛОВИЯХ РАЗВИТИЯ ВУЗА,Иваненко Т.А.,"В сборнике: Студенческий спорт в современном мире. Сборник материалов Всероссийской научно-практической конференции с международным участием. Санкт-Петербург, 2023.  С. 37-41.",https://www.elibrary.ru/item.asp?id=53835682
89,890,РАДИОКОНСТРУКТОР ДЛЯ ЭКСПЕРИМЕНТОВ,"Коптяев Д.А., Перелыгин С.В.","В сборнике: Актуальные проблемы радио- и кинотехнологий. Материалы VII Международной научно-технической конференции, посвященной 130-летию со дня рождения изобретателя первого в мире видеомагнитофона А.М. Понятова. Редакционная коллегия: В.М. Пестриков (ответственный редактор) [и др.]. Санкт-Петербург, 2023.  С. 37-42.",https://www.elibrary.ru/item.asp?id=54654824
90,891,ИССЛЕДОВАНИЕ МОДЕЛЬНО-АНАЛИТИЧЕСКОГО ИНТЕЛЛЕКТА РЕКОМЕНДАТЕЛЬНЫХ СИСТЕМ,"Ковальчук А.В., Литвинов В.Л.","В сборнике: Подготовка профессиональных кадров в магистратуре для цифровой экономики (ПКМ-2023). Всероссийская научно-техническая и научно-методическая конференция магистрантов и их руководителей; Сборник лучших докладов: в 2 томах. Санкт-Петербург, 2023.  С. 374-378.",https://www.elibrary.ru/item.asp?id=56659852
91,892,ОБЗОР МЕТОДОВ СИНХРОНИЗАЦИИ В РАСПРЕДЕЛЕННЫХ СПУТНИКОВЫХ СИСТЕМАХ,"Ларионов А.Ю., Симонина О.А.","В сборнике: Актуальные проблемы инфотелекоммуникаций в науке и образовании (АПИНО 2023). Сборник научных статей XII Международной научно-технической и научно-методической конференции: в 4 т.. Санкт-Петербург, 2023.  С. 374-379.",https://www.elibrary.ru/item.asp?id=54609522
92,893,ИССЛЕДОВАНИЕ МЕТОДА ОБНАРУЖЕНИЯ АТАК НА TDLS: АНАЛИЗ УЯЗВИМОСТЕЙ И ПРЕДЛАГАЕМЫЕ РЕШЕНИЯ,"Дрепа В.Е., Ковцур М.М., Сахаров Д.В., Шарапов Р.И.","В сборнике: Региональная информатика и информационная безопасность. Сборник трудов Санкт-Петербургской международной конференции. Санкт-Петербург, 2023.  С. 375-378.",https://www.elibrary.ru/item.asp?id=60025351
93,894,МОДЕЛЬ ОПОВЕЩЕНИЯ МИКРОСЕРВИСОВ В РАСПРЕДЕЛЕННОЙ СИСТЕМЕ УПРАВЛЕНИЯ,Шабанов А.П.,"В сборнике: Подготовка профессиональных кадров в магистратуре для цифровой экономики (ПКМ-2022). Сборник лучших докладов Всероссийской научно-технической и научно-методической конференции магистрантов и их руководителей. Сост. Н.Н. Иванов. Санкт-Петербург, 2023.  С. 376-379.",https://www.elibrary.ru/item.asp?id=50223123
94,895,ОРГАНИЗАЦИЯ ВНЕАУДИТОРНОЙ САМОСТОЯТЕЛЬНОЙ РАБОТЫ СТУДЕНТОВ В ТЕХНИЧЕСКОМ ВУЗЕ,Кузьмина А.В.,"В сборнике: Вестник факультета социальных цифровых технологий. XХV Международный Балтийский коммуникационный форум. Санкт-Петербург, 2023.  С. 376-382.",https://www.elibrary.ru/item.asp?id=64227486
95,896,ВНЕДРЕНИЕ ЦИФРОВОГО ВОДЯНОГО ЗНАКА В МОДУЛЬ ЯДРА ОПЕРАЦИОННОЙ СИСТЕМЫ LINUX И УСТОЙЧИВОСТЬ К КОМПОНОВКЕ,"Коньков В.В., Кузнецов В.А., Красов А.В.","В сборнике: Региональная информатика и информационная безопасность. Сборник трудов Санкт-Петербургской международной конференции. Санкт-Петербург, 2023.  С. 378-381.",https://www.elibrary.ru/item.asp?id=60025352
96,897,"УГРОЗЫ ИНФОРМАЦИОННОЙ БЕЗОПАСНОСТИ, ВОЗНИКАЮЩИЕ ИЗ-ЗА СЕРВИСОВ ПО ПОИСКУ РАБОТЫ","Коровкина Е.В., Литвинов В.Л., Поведайко М.Д.","В сборнике: Подготовка профессиональных кадров в магистратуре для цифровой экономики (ПКМ-2023). Всероссийская научно-техническая и научно-методическая конференция магистрантов и их руководителей; Сборник лучших докладов: в 2 томах. Санкт-Петербург, 2023.  С. 379-382.",https://www.elibrary.ru/item.asp?id=56659853
97,898,ПУТИ ПОВЫШЕНИЯ ПОМЕХОУСТОЙЧИВОСТИ В СПУТНИКОВОМ КАНАЛЕ,"Ликонцев А.Н., Нев Д.А.","В сборнике: Актуальные проблемы инфотелекоммуникаций в науке и образовании (АПИНО 2023). Сборник научных статей XII Международной научно-технической и научно-методической конференции: в 4 т.. Санкт-Петербург, 2023.  С. 379-383.",https://www.elibrary.ru/item.asp?id=54609523
98,899,ИССЛЕДОВАНИЕ ИНФОРМАЦИОННЫХ ТЕХНОЛОГИЙ ДЛЯ ПОСТРОЕНИЯ ЦИФРОВЫХ ДВОЙНИКОВ,"Иванов Р.С., Мусаева Т.В.К.","В сборнике: Подготовка профессиональных кадров в магистратуре для цифровой экономики (ПКМ-2022). Сборник лучших докладов Всероссийской научно-технической и научно-методической конференции магистрантов и их руководителей. Сост. Н.Н. Иванов. Санкт-Петербург, 2023.  С. 380-382.",https://www.elibrary.ru/item.asp?id=50223124
99,900,РАЗНОВИДНОСТИ МЕЖСАЙТОВОГО СКРИПТИНГА И МЕРЫ ЗАЩИТЫ ОТ XSS-УЯЗВИМОСТИ,Старанцова Е.В.,"В сборнике: Пути инновационного развития науки и образования в современных условиях. Сборник научных трудов. Миасс, 2023.  С. 381-386.",https://www.elibrary.ru/item.asp?id=61890409
